TRUNCATE TABLE `abdb_category`;

INSERT INTO `abdb_category` (`category_id`, `image`, `parent_id`, `top`, `column`, `sort_order`, `status`, `date_added`, `date_modified`) VALUES ('62', '', '59', '0', '1', '0', '1', '2014-02-02 20:04:50', '2014-02-02 20:04:50');
INSERT INTO `abdb_category` (`category_id`, `image`, `parent_id`, `top`, `column`, `sort_order`, `status`, `date_added`, `date_modified`) VALUES ('75', '', '59', '0', '1', '11', '1', '2014-02-26 20:08:47', '2014-02-26 20:15:19');
INSERT INTO `abdb_category` (`category_id`, `image`, `parent_id`, `top`, `column`, `sort_order`, `status`, `date_added`, `date_modified`) VALUES ('61', '', '59', '0', '1', '0', '1', '2014-02-02 19:50:20', '2014-02-02 20:04:10');
INSERT INTO `abdb_category` (`category_id`, `image`, `parent_id`, `top`, `column`, `sort_order`, `status`, `date_added`, `date_modified`) VALUES ('63', '', '59', '0', '1', '0', '1', '2014-02-02 20:05:14', '2014-02-02 20:05:14');
INSERT INTO `abdb_category` (`category_id`, `image`, `parent_id`, `top`, `column`, `sort_order`, `status`, `date_added`, `date_modified`) VALUES ('72', '', '59', '0', '1', '13', '1', '2014-02-14 21:52:52', '2014-02-26 20:15:01');
INSERT INTO `abdb_category` (`category_id`, `image`, `parent_id`, `top`, `column`, `sort_order`, `status`, `date_added`, `date_modified`) VALUES ('73', '', '59', '0', '0', '12', '1', '2014-02-14 21:54:55', '2014-02-26 20:15:09');
INSERT INTO `abdb_category` (`category_id`, `image`, `parent_id`, `top`, `column`, `sort_order`, `status`, `date_added`, `date_modified`) VALUES ('74', '', '59', '0', '0', '10', '1', '2014-02-14 21:55:12', '2014-02-26 20:15:32');
INSERT INTO `abdb_category` (`category_id`, `image`, `parent_id`, `top`, `column`, `sort_order`, `status`, `date_added`, `date_modified`) VALUES ('68', '', '59', '0', '1', '0', '1', '2014-02-02 20:07:04', '2014-02-14 23:41:02');
INSERT INTO `abdb_category` (`category_id`, `image`, `parent_id`, `top`, `column`, `sort_order`, `status`, `date_added`, `date_modified`) VALUES ('67', '', '59', '0', '1', '0', '1', '2014-02-02 20:06:43', '2014-02-02 20:06:43');
INSERT INTO `abdb_category` (`category_id`, `image`, `parent_id`, `top`, `column`, `sort_order`, `status`, `date_added`, `date_modified`) VALUES ('66', '', '59', '0', '1', '0', '1', '2014-02-02 20:06:20', '2014-02-02 20:06:20');
INSERT INTO `abdb_category` (`category_id`, `image`, `parent_id`, `top`, `column`, `sort_order`, `status`, `date_added`, `date_modified`) VALUES ('65', '', '59', '0', '1', '0', '1', '2014-02-02 20:06:03', '2014-02-14 23:41:37');
INSERT INTO `abdb_category` (`category_id`, `image`, `parent_id`, `top`, `column`, `sort_order`, `status`, `date_added`, `date_modified`) VALUES ('64', '', '59', '0', '1', '0', '1', '2014-02-02 20:05:39', '2014-02-14 23:41:19');
INSERT INTO `abdb_category` (`category_id`, `image`, `parent_id`, `top`, `column`, `sort_order`, `status`, `date_added`, `date_modified`) VALUES ('60', '', '0', '1', '1', '2', '1', '2014-02-02 16:41:17', '2014-02-14 23:43:50');
INSERT INTO `abdb_category` (`category_id`, `image`, `parent_id`, `top`, `column`, `sort_order`, `status`, `date_added`, `date_modified`) VALUES ('59', '', '0', '1', '1', '0', '1', '2014-02-02 16:35:52', '2014-02-02 16:35:52');


TRUNCATE TABLE `abdb_category_description`;

INSERT INTO `abdb_category_description` (`category_id`, `language_id`, `name`, `description`, `meta_description`, `meta_keyword`) VALUES ('67', '2', 'Tokaj-Hegyalja', '', '', '');
INSERT INTO `abdb_category_description` (`category_id`, `language_id`, `name`, `description`, `meta_description`, `meta_keyword`) VALUES ('68', '2', 'Duna-Tisza köze', '', '', '');
INSERT INTO `abdb_category_description` (`category_id`, `language_id`, `name`, `description`, `meta_description`, `meta_keyword`) VALUES ('74', '2', 'Fehérborok', '', '', '');
INSERT INTO `abdb_category_description` (`category_id`, `language_id`, `name`, `description`, `meta_description`, `meta_keyword`) VALUES ('60', '2', 'Egyéb termékek', '&lt;p&gt;Minden ami a borhoz kell, de nem bor. Tehat sajt. Meg kola.&lt;/p&gt;\r\n', 'egyeb', 'egyeb');
INSERT INTO `abdb_category_description` (`category_id`, `language_id`, `name`, `description`, `meta_description`, `meta_keyword`) VALUES ('75', '2', 'Rozé', '', '', '');
INSERT INTO `abdb_category_description` (`category_id`, `language_id`, `name`, `description`, `meta_description`, `meta_keyword`) VALUES ('61', '2', 'Sopron', '', '', '');
INSERT INTO `abdb_category_description` (`category_id`, `language_id`, `name`, `description`, `meta_description`, `meta_keyword`) VALUES ('62', '2', 'Balaton', '', '', '');
INSERT INTO `abdb_category_description` (`category_id`, `language_id`, `name`, `description`, `meta_description`, `meta_keyword`) VALUES ('63', '2', 'Pannonhalma', '', '', '');
INSERT INTO `abdb_category_description` (`category_id`, `language_id`, `name`, `description`, `meta_description`, `meta_keyword`) VALUES ('64', '2', 'Szekszárd', '', '', '');
INSERT INTO `abdb_category_description` (`category_id`, `language_id`, `name`, `description`, `meta_description`, `meta_keyword`) VALUES ('73', '2', 'Vörösborok', '', '', '');
INSERT INTO `abdb_category_description` (`category_id`, `language_id`, `name`, `description`, `meta_description`, `meta_keyword`) VALUES ('65', '2', 'Villány', '', '', '');
INSERT INTO `abdb_category_description` (`category_id`, `language_id`, `name`, `description`, `meta_description`, `meta_keyword`) VALUES ('72', '2', 'Desszertborok', '', '', '');
INSERT INTO `abdb_category_description` (`category_id`, `language_id`, `name`, `description`, `meta_description`, `meta_keyword`) VALUES ('66', '2', 'Eger', '', '', '');
INSERT INTO `abdb_category_description` (`category_id`, `language_id`, `name`, `description`, `meta_description`, `meta_keyword`) VALUES ('59', '2', 'Boraink', '&lt;p&gt;Ez itt a bor.&lt;/p&gt;\r\n', 'bor', 'bor');


TRUNCATE TABLE `abdb_category_filter`;



TRUNCATE TABLE `abdb_category_path`;

INSERT INTO `abdb_category_path` (`category_id`, `path_id`, `level`) VALUES ('61', '61', '1');
INSERT INTO `abdb_category_path` (`category_id`, `path_id`, `level`) VALUES ('75', '75', '1');
INSERT INTO `abdb_category_path` (`category_id`, `path_id`, `level`) VALUES ('75', '59', '0');
INSERT INTO `abdb_category_path` (`category_id`, `path_id`, `level`) VALUES ('61', '59', '0');
INSERT INTO `abdb_category_path` (`category_id`, `path_id`, `level`) VALUES ('72', '72', '1');
INSERT INTO `abdb_category_path` (`category_id`, `path_id`, `level`) VALUES ('72', '59', '0');
INSERT INTO `abdb_category_path` (`category_id`, `path_id`, `level`) VALUES ('74', '59', '0');
INSERT INTO `abdb_category_path` (`category_id`, `path_id`, `level`) VALUES ('74', '74', '1');
INSERT INTO `abdb_category_path` (`category_id`, `path_id`, `level`) VALUES ('73', '59', '0');
INSERT INTO `abdb_category_path` (`category_id`, `path_id`, `level`) VALUES ('73', '73', '1');
INSERT INTO `abdb_category_path` (`category_id`, `path_id`, `level`) VALUES ('68', '68', '1');
INSERT INTO `abdb_category_path` (`category_id`, `path_id`, `level`) VALUES ('68', '59', '0');
INSERT INTO `abdb_category_path` (`category_id`, `path_id`, `level`) VALUES ('67', '67', '1');
INSERT INTO `abdb_category_path` (`category_id`, `path_id`, `level`) VALUES ('67', '59', '0');
INSERT INTO `abdb_category_path` (`category_id`, `path_id`, `level`) VALUES ('66', '66', '1');
INSERT INTO `abdb_category_path` (`category_id`, `path_id`, `level`) VALUES ('66', '59', '0');
INSERT INTO `abdb_category_path` (`category_id`, `path_id`, `level`) VALUES ('65', '65', '1');
INSERT INTO `abdb_category_path` (`category_id`, `path_id`, `level`) VALUES ('65', '59', '0');
INSERT INTO `abdb_category_path` (`category_id`, `path_id`, `level`) VALUES ('64', '64', '1');
INSERT INTO `abdb_category_path` (`category_id`, `path_id`, `level`) VALUES ('64', '59', '0');
INSERT INTO `abdb_category_path` (`category_id`, `path_id`, `level`) VALUES ('63', '63', '1');
INSERT INTO `abdb_category_path` (`category_id`, `path_id`, `level`) VALUES ('63', '59', '0');
INSERT INTO `abdb_category_path` (`category_id`, `path_id`, `level`) VALUES ('62', '62', '1');
INSERT INTO `abdb_category_path` (`category_id`, `path_id`, `level`) VALUES ('62', '59', '0');
INSERT INTO `abdb_category_path` (`category_id`, `path_id`, `level`) VALUES ('60', '60', '0');
INSERT INTO `abdb_category_path` (`category_id`, `path_id`, `level`) VALUES ('59', '59', '0');


TRUNCATE TABLE `abdb_category_to_layout`;



TRUNCATE TABLE `abdb_category_to_store`;

INSERT INTO `abdb_category_to_store` (`category_id`, `store_id`) VALUES ('59', '0');
INSERT INTO `abdb_category_to_store` (`category_id`, `store_id`) VALUES ('60', '0');
INSERT INTO `abdb_category_to_store` (`category_id`, `store_id`) VALUES ('61', '0');
INSERT INTO `abdb_category_to_store` (`category_id`, `store_id`) VALUES ('62', '0');
INSERT INTO `abdb_category_to_store` (`category_id`, `store_id`) VALUES ('63', '0');
INSERT INTO `abdb_category_to_store` (`category_id`, `store_id`) VALUES ('64', '0');
INSERT INTO `abdb_category_to_store` (`category_id`, `store_id`) VALUES ('65', '0');
INSERT INTO `abdb_category_to_store` (`category_id`, `store_id`) VALUES ('66', '0');
INSERT INTO `abdb_category_to_store` (`category_id`, `store_id`) VALUES ('67', '0');
INSERT INTO `abdb_category_to_store` (`category_id`, `store_id`) VALUES ('68', '0');
INSERT INTO `abdb_category_to_store` (`category_id`, `store_id`) VALUES ('72', '0');
INSERT INTO `abdb_category_to_store` (`category_id`, `store_id`) VALUES ('73', '0');
INSERT INTO `abdb_category_to_store` (`category_id`, `store_id`) VALUES ('74', '0');
INSERT INTO `abdb_category_to_store` (`category_id`, `store_id`) VALUES ('75', '0');


